-- phpMyAdmin SQL Dump
-- version 5.1.1
-- https://www.phpmyadmin.net/
--
-- Hôte : 127.0.0.1
-- Généré le : mer. 20 oct. 2021 à 17:10
-- Version du serveur : 10.4.20-MariaDB
-- Version de PHP : 8.0.8

SET SQL_MODE = "NO_AUTO_VALUE_ON_ZERO";
START TRANSACTION;
SET time_zone = "+00:00";


/*!40101 SET @OLD_CHARACTER_SET_CLIENT=@@CHARACTER_SET_CLIENT */;
/*!40101 SET @OLD_CHARACTER_SET_RESULTS=@@CHARACTER_SET_RESULTS */;
/*!40101 SET @OLD_COLLATION_CONNECTION=@@COLLATION_CONNECTION */;
/*!40101 SET NAMES utf8mb4 */;

--
-- Base de données : `all_chat_app_api`
--

-- --------------------------------------------------------

--
-- Structure de la table `conversations`
--

CREATE TABLE `conversations` (
  `conversation_id` bigint(20) UNSIGNED NOT NULL,
  `conversation_first_partner` bigint(20) UNSIGNED NOT NULL,
  `conversation_second_partner` bigint(20) UNSIGNED NOT NULL,
  `created_at` timestamp NULL DEFAULT NULL,
  `updated_at` timestamp NULL DEFAULT NULL
) ENGINE=InnoDB DEFAULT CHARSET=utf8mb4 COLLATE=utf8mb4_unicode_ci;

--
-- Déchargement des données de la table `conversations`
--

INSERT INTO `conversations` (`conversation_id`, `conversation_first_partner`, `conversation_second_partner`, `created_at`, `updated_at`) VALUES
(6, 1, 13, NULL, NULL),
(7, 1, 2, NULL, NULL);

-- --------------------------------------------------------

--
-- Structure de la table `failed_jobs`
--

CREATE TABLE `failed_jobs` (
  `id` bigint(20) UNSIGNED NOT NULL,
  `uuid` varchar(255) COLLATE utf8mb4_unicode_ci NOT NULL,
  `connection` text COLLATE utf8mb4_unicode_ci NOT NULL,
  `queue` text COLLATE utf8mb4_unicode_ci NOT NULL,
  `payload` longtext COLLATE utf8mb4_unicode_ci NOT NULL,
  `exception` longtext COLLATE utf8mb4_unicode_ci NOT NULL,
  `failed_at` timestamp NOT NULL DEFAULT current_timestamp()
) ENGINE=InnoDB DEFAULT CHARSET=utf8mb4 COLLATE=utf8mb4_unicode_ci;

-- --------------------------------------------------------

--
-- Structure de la table `messages`
--

CREATE TABLE `messages` (
  `message_id` bigint(20) UNSIGNED NOT NULL,
  `message_sender` bigint(20) UNSIGNED NOT NULL,
  `conversation_id` bigint(20) UNSIGNED NOT NULL,
  `message_body` longtext COLLATE utf8mb4_unicode_ci NOT NULL,
  `message_is_read` tinyint(1) NOT NULL,
  `created_at` timestamp NULL DEFAULT NULL,
  `updated_at` timestamp NULL DEFAULT NULL,
  `message_receiver` bigint(20) UNSIGNED NOT NULL
) ENGINE=InnoDB DEFAULT CHARSET=utf8mb4 COLLATE=utf8mb4_unicode_ci;

--
-- Déchargement des données de la table `messages`
--

INSERT INTO `messages` (`message_id`, `message_sender`, `conversation_id`, `message_body`, `message_is_read`, `created_at`, `updated_at`, `message_receiver`) VALUES
(312, 13, 6, 's', 0, NULL, NULL, 1),
(313, 2, 7, 'dd', 0, NULL, NULL, 1),
(314, 13, 6, 'dd', 0, '2021-09-08 23:26:46', '2021-09-08 23:26:46', 1),
(315, 13, 6, 'dd', 0, '2021-09-08 23:26:47', '2021-09-08 23:26:47', 1),
(316, 13, 6, 'dd', 0, '2021-09-08 23:27:42', '2021-09-08 23:27:42', 1),
(317, 13, 6, 'dd', 0, '2021-09-08 23:27:42', '2021-09-08 23:27:42', 1),
(318, 1, 6, 'aa', 0, '2021-09-08 23:27:46', '2021-09-08 23:27:46', 13),
(319, 1, 6, 'aa', 0, '2021-09-08 23:27:47', '2021-09-08 23:27:47', 13),
(320, 13, 6, 'dd', 0, '2021-09-08 23:27:57', '2021-09-08 23:27:57', 1),
(321, 13, 6, 'az', 0, '2021-09-08 23:37:07', '2021-09-08 23:37:07', 1),
(322, 13, 6, 'az', 0, '2021-09-08 23:37:08', '2021-09-08 23:37:08', 1),
(323, 1, 6, 'fddd', 0, '2021-09-08 23:37:27', '2021-09-08 23:37:27', 13),
(324, 1, 6, 'fddd', 0, '2021-09-08 23:37:28', '2021-09-08 23:37:28', 13),
(325, 13, 6, 'fen 13', 0, '2021-09-08 23:46:01', '2021-09-08 23:46:01', 1),
(326, 1, 6, 'fen 1', 0, '2021-09-08 23:46:12', '2021-09-08 23:46:12', 13),
(327, 1, 6, 'fen hani', 0, '2021-09-08 23:51:45', '2021-09-08 23:51:45', 13),
(328, 2, 7, 'hello', 0, '2021-09-08 23:52:11', '2021-09-08 23:52:11', 1),
(329, 1, 6, 'sdvsD', 0, '2021-09-09 09:52:39', '2021-09-09 09:52:39', 5),
(330, 1, 7, 'nayda', 0, '2021-09-09 09:53:59', '2021-09-09 09:53:59', 2),
(331, 1, 7, 'nayda', 0, '2021-09-09 09:54:00', '2021-09-09 09:54:00', 2),
(332, 1, 7, 'qq', 0, '2021-09-09 09:54:28', '2021-09-09 09:54:28', 2),
(333, 1, 7, 'qsd', 0, '2021-09-09 09:56:28', '2021-09-09 09:56:28', 2),
(334, 1, 7, 'qsd', 0, '2021-09-09 09:56:29', '2021-09-09 09:56:29', 2),
(335, 1, 7, 'eee', 0, '2021-09-09 11:13:57', '2021-09-09 11:13:57', 2),
(336, 1, 7, 'sss', 0, '2021-09-09 11:14:19', '2021-09-09 11:14:19', 2),
(337, 13, 6, 'a', 0, '2021-09-09 11:15:13', '2021-09-09 11:15:13', 1),
(338, 2, 7, 'hi', 0, '2021-09-09 12:24:20', '2021-09-09 12:24:20', 1),
(339, 1, 7, 'hello', 0, '2021-09-09 12:24:46', '2021-09-09 12:24:46', 2),
(340, 13, 6, 'from 13', 0, '2021-09-09 12:25:51', '2021-09-09 12:25:51', 1),
(341, 1, 7, 'sdsd', 0, '2021-09-09 12:33:11', '2021-09-09 12:33:11', 2),
(342, 1, 7, 'sdsd', 0, '2021-09-09 12:33:12', '2021-09-09 12:33:12', 2),
(343, 2, 7, 'dd', 0, '2021-09-09 12:58:08', '2021-09-09 12:58:08', 1),
(344, 2, 7, 'dd', 0, '2021-09-09 12:58:11', '2021-09-09 12:58:11', 1),
(345, 2, 7, 'ee', 0, '2021-09-09 12:58:53', '2021-09-09 12:58:53', 1),
(346, 2, 7, 'df', 0, '2021-09-09 13:05:00', '2021-09-09 13:05:00', 1),
(347, 2, 7, 'df', 0, '2021-09-09 13:05:02', '2021-09-09 13:05:02', 1),
(348, 2, 7, 'ze', 0, '2021-09-09 13:06:04', '2021-09-09 13:06:04', 1),
(349, 2, 7, 'ze', 0, '2021-09-09 13:06:05', '2021-09-09 13:06:05', 1),
(350, 2, 7, 'ddf', 0, '2021-09-09 13:07:58', '2021-09-09 13:07:58', 1),
(351, 1, 7, 'nonse', 0, '2021-09-09 13:08:37', '2021-09-09 13:08:37', 2),
(352, 13, 6, 'hello 13 13 13', 0, '2021-09-09 13:09:07', '2021-09-09 13:09:07', 1),
(353, 1, 7, 'ssd', 0, '2021-09-09 13:10:25', '2021-09-09 13:10:25', 2),
(354, 2, 7, 'dds', 0, '2021-09-09 13:10:48', '2021-09-09 13:10:48', 1),
(355, 13, 6, 'ccx', 0, '2021-09-09 13:11:14', '2021-09-09 13:11:14', 1),
(356, 1, 7, 'qqs', 0, '2021-09-09 13:11:41', '2021-09-09 13:11:41', 2),
(357, 2, 7, 'dd', 0, '2021-09-09 14:25:12', '2021-09-09 14:25:12', 1),
(358, 1, 7, 'd', 0, '2021-09-09 14:25:38', '2021-09-09 14:25:38', 2),
(359, 1, 7, 'a', 0, '2021-09-09 14:30:29', '2021-09-09 14:30:29', 2),
(360, 2, 7, 'b', 0, '2021-09-09 14:30:36', '2021-09-09 14:30:36', 1),
(361, 13, 6, 'hhhhh', 0, '2021-09-09 14:30:58', '2021-09-09 14:30:58', 1),
(362, 1, 7, 'qqq', 0, '2021-09-09 14:31:40', '2021-09-09 14:31:40', 2),
(363, 13, 6, 'hi yassine', 0, '2021-10-20 11:14:51', '2021-10-20 11:14:51', 1),
(364, 13, 6, 'hi zack', 0, '2021-10-20 11:14:57', '2021-10-20 11:14:57', 1),
(365, 13, 6, 'hi yassine', 0, '2021-10-20 11:15:11', '2021-10-20 11:15:11', 1),
(366, 13, 6, 'hi zack', 0, '2021-10-20 11:15:16', '2021-10-20 11:15:16', 1),
(367, 13, 6, 'hi yassine', 0, '2021-10-20 11:17:41', '2021-10-20 11:17:41', 1),
(368, 13, 6, 'hi zack', 0, '2021-10-20 11:17:47', '2021-10-20 11:17:47', 1),
(369, 13, 6, 'hi zack', 0, '2021-10-20 11:18:14', '2021-10-20 11:18:14', 1);

-- --------------------------------------------------------

--
-- Structure de la table `migrations`
--

CREATE TABLE `migrations` (
  `id` int(10) UNSIGNED NOT NULL,
  `migration` varchar(255) COLLATE utf8mb4_unicode_ci NOT NULL,
  `batch` int(11) NOT NULL
) ENGINE=InnoDB DEFAULT CHARSET=utf8mb4 COLLATE=utf8mb4_unicode_ci;

--
-- Déchargement des données de la table `migrations`
--

INSERT INTO `migrations` (`id`, `migration`, `batch`) VALUES
(1, '2014_10_12_000000_create_users_table', 1),
(2, '2014_10_12_100000_create_password_resets_table', 1),
(3, '2019_08_19_000000_create_failed_jobs_table', 1),
(4, '2019_12_14_000001_create_personal_access_tokens_table', 1),
(5, '2021_09_04_083545_create_conversations_table', 2),
(6, '2021_09_04_084608_create_messages_table', 3),
(7, '2021_09_07_095545_message_receiver_in_messages', 4);

-- --------------------------------------------------------

--
-- Structure de la table `password_resets`
--

CREATE TABLE `password_resets` (
  `email` varchar(255) COLLATE utf8mb4_unicode_ci NOT NULL,
  `token` varchar(255) COLLATE utf8mb4_unicode_ci NOT NULL,
  `created_at` timestamp NULL DEFAULT NULL
) ENGINE=InnoDB DEFAULT CHARSET=utf8mb4 COLLATE=utf8mb4_unicode_ci;

-- --------------------------------------------------------

--
-- Structure de la table `personal_access_tokens`
--

CREATE TABLE `personal_access_tokens` (
  `id` bigint(20) UNSIGNED NOT NULL,
  `tokenable_type` varchar(255) COLLATE utf8mb4_unicode_ci NOT NULL,
  `tokenable_id` bigint(20) UNSIGNED NOT NULL,
  `name` varchar(255) COLLATE utf8mb4_unicode_ci NOT NULL,
  `token` varchar(64) COLLATE utf8mb4_unicode_ci NOT NULL,
  `abilities` text COLLATE utf8mb4_unicode_ci DEFAULT NULL,
  `last_used_at` timestamp NULL DEFAULT NULL,
  `created_at` timestamp NULL DEFAULT NULL,
  `updated_at` timestamp NULL DEFAULT NULL
) ENGINE=InnoDB DEFAULT CHARSET=utf8mb4 COLLATE=utf8mb4_unicode_ci;

--
-- Déchargement des données de la table `personal_access_tokens`
--

INSERT INTO `personal_access_tokens` (`id`, `tokenable_type`, `tokenable_id`, `name`, `token`, `abilities`, `last_used_at`, `created_at`, `updated_at`) VALUES
(1, 'App\\Models\\User', 1, 'myapp', '1d767e216708f16b5fae438bbba821e46ea3a33202f5a2c5fa91d1d32708c369', '[\"*\"]', NULL, '2021-09-04 09:31:03', '2021-09-04 09:31:03'),
(2, 'App\\Models\\User', 1, 'myapp', 'd399810c31ca8235d732eb00bb8fe1b24c05cac91eefa64072b7cd338a9b1ff6', '[\"*\"]', NULL, '2021-09-04 09:38:24', '2021-09-04 09:38:24'),
(3, 'App\\Models\\User', 1, 'myapp', '8a6480c640840b78d692dac034a270a1da661bc7e9c252470d93bc27eba0b802', '[\"*\"]', NULL, '2021-09-04 09:40:18', '2021-09-04 09:40:18'),
(4, 'App\\Models\\User', 1, 'myapp', '8b6f348352bdcd6a15cdafccac5ca7d8bbe8805fe2ee6ac277995b342eca6bcd', '[\"*\"]', NULL, '2021-09-04 09:41:21', '2021-09-04 09:41:21'),
(5, 'App\\Models\\User', 1, 'myapp', '033aec3b51bfa32233c4a61bd1643350b856c609dbaca4843aa1d7345448eb16', '[\"*\"]', NULL, '2021-09-04 09:43:06', '2021-09-04 09:43:06'),
(6, 'App\\Models\\User', 1, 'myapp', '6e2eb5cafb5ad569299898123a503614a9e8a9a5be3d53c1586b2bd45462c506', '[\"*\"]', NULL, '2021-09-04 09:55:58', '2021-09-04 09:55:58'),
(7, 'App\\Models\\User', 1, 'myapp', '231e884d977cf009de5b6c2281a65802978d4b330596a1ac1de710a3a74fff4f', '[\"*\"]', NULL, '2021-09-04 09:56:18', '2021-09-04 09:56:18'),
(8, 'App\\Models\\User', 1, 'myapp', '59d6e80f77ddb2c1f33c5e31d1d79ebacb625c77eef2c2f1e59e6d788978d07c', '[\"*\"]', NULL, '2021-09-04 09:57:55', '2021-09-04 09:57:55'),
(9, 'App\\Models\\User', 1, 'myapp', 'ef805682d251a7921a9ef8bc1934f7cd7b1da10deec1579a5775b49545203761', '[\"*\"]', NULL, '2021-09-04 09:58:24', '2021-09-04 09:58:24'),
(10, 'App\\Models\\User', 1, 'myapp', '602e32875a1bd6476db619dca22e5d1653f13c22d9b49468e2793bfb21a7a844', '[\"*\"]', '2021-09-09 09:52:39', '2021-09-05 06:02:37', '2021-09-09 09:52:39'),
(11, 'App\\Models\\User', 1, 'myapp', 'a8a415a6dc0e837c9cf464882cdd3b9639ac562295a142965c6ddecefd967414', '[\"*\"]', '2021-09-06 12:04:48', '2021-09-05 08:48:05', '2021-09-06 12:04:48'),
(12, 'App\\Models\\User', 1, 'myapp', '016082092f407037e740860a29b0c0e9b11833be50667b02fbb67b2270bd5712', '[\"*\"]', '2021-09-05 10:52:33', '2021-09-05 10:52:24', '2021-09-05 10:52:33'),
(13, 'App\\Models\\User', 1, 'myapp', '7e49a355fcd4feef98701d881295f9528ec285d22b2175f44412f533cf36563f', '[\"*\"]', '2021-09-05 11:30:28', '2021-09-05 11:30:28', '2021-09-05 11:30:28'),
(14, 'App\\Models\\User', 1, 'myapp', '77c84012827c537382cc647d7fc2e3e1b5cddab7e985276ec171f5bc1a4550d9', '[\"*\"]', '2021-09-05 11:32:56', '2021-09-05 11:32:56', '2021-09-05 11:32:56'),
(15, 'App\\Models\\User', 1, 'myapp', '7593bb85732699d31778f452447889c77715358006dfc17977f9ee298a01ee23', '[\"*\"]', '2021-09-05 11:35:58', '2021-09-05 11:35:57', '2021-09-05 11:35:58'),
(16, 'App\\Models\\User', 1, 'myapp', 'fa4156400e770f0c0367ca1f8a6718772066acd8d9fbbf749a0265e7114037a0', '[\"*\"]', '2021-09-05 11:39:22', '2021-09-05 11:39:22', '2021-09-05 11:39:22'),
(17, 'App\\Models\\User', 1, 'myapp', '7909e6042ca074fcce3272db3d5375b74e9a53b03df239a9d07e35481cb1ce5c', '[\"*\"]', '2021-09-05 11:40:39', '2021-09-05 11:40:39', '2021-09-05 11:40:39'),
(18, 'App\\Models\\User', 1, 'myapp', '92fc03174448e20c1f64c2575c7be8af75f2075538121cf298031d570367a817', '[\"*\"]', '2021-09-05 11:49:45', '2021-09-05 11:49:45', '2021-09-05 11:49:45'),
(19, 'App\\Models\\User', 1, 'myapp', '0d1dafb581b29dc09e891be60816f5d5b4ef5bdafcc73b091f713a3e812e0caf', '[\"*\"]', '2021-09-05 13:27:06', '2021-09-05 11:52:34', '2021-09-05 13:27:06'),
(20, 'App\\Models\\User', 1, 'myapp', '98d634656b066992e95318d6356b6394ac5555a169c464447737b22313de3e32', '[\"*\"]', '2021-09-05 13:31:20', '2021-09-05 13:27:57', '2021-09-05 13:31:20'),
(21, 'App\\Models\\User', 1, 'myapp', 'a32a47f25529fe21a78c11f50556cd00994b61ee89e5de8d87045ad15d98a880', '[\"*\"]', '2021-09-05 15:54:45', '2021-09-05 13:32:32', '2021-09-05 15:54:45'),
(22, 'App\\Models\\User', 1, 'myapp', '7055e33efd41380f17383373db03c6d3c41ce8a69e9638b93afaa58c5ed7864b', '[\"*\"]', '2021-09-05 13:55:19', '2021-09-05 13:49:13', '2021-09-05 13:55:19'),
(23, 'App\\Models\\User', 1, 'myapp', '8a91f5a674cff27c92d6ac16df4c7e0474e912c3dbc0578674d8e420352f2db6', '[\"*\"]', '2021-09-05 13:56:33', '2021-09-05 13:56:30', '2021-09-05 13:56:33'),
(24, 'App\\Models\\User', 1, 'myapp', '67b035733b3a1138fff0186d39cb5384f8a71a506ad3cf72e2e62491d7dac879', '[\"*\"]', '2021-09-05 14:01:24', '2021-09-05 14:00:58', '2021-09-05 14:01:24'),
(25, 'App\\Models\\User', 1, 'myapp', '8bacbe4073753a20fa65f348bab485fd1210278ede502af37cb0cfa458748d47', '[\"*\"]', '2021-09-05 14:02:06', '2021-09-05 14:02:06', '2021-09-05 14:02:06'),
(26, 'App\\Models\\User', 13, 'myapp', '9929fd0d94a91f43433e9be717350af872a127cf87fe5b2080f930e90993701d', '[\"*\"]', '2021-09-06 08:57:47', '2021-09-05 14:05:56', '2021-09-06 08:57:47'),
(27, 'App\\Models\\User', 1, 'myapp', 'c691950bd7f2e751e2fe784bc0e6585350858e43ad60c676bb148efed34fbea7', '[\"*\"]', '2021-09-05 15:55:24', '2021-09-05 15:55:23', '2021-09-05 15:55:24'),
(28, 'App\\Models\\User', 1, 'myapp', '61273158d643e33f58a8191323fe962fa903af95acfb8ed76aed515df80d9dd2', '[\"*\"]', '2021-09-05 15:57:50', '2021-09-05 15:57:05', '2021-09-05 15:57:50'),
(29, 'App\\Models\\User', 1, 'myapp', 'd129586656d968288422d29310c67ad4d1f51a10e26eeffde616ee3991d2e670', '[\"*\"]', '2021-09-06 08:57:54', '2021-09-05 16:08:57', '2021-09-06 08:57:54'),
(30, 'App\\Models\\User', 1, 'myapp', '13e297ce1454d81fa7f1a4f85bb15bdc8c97db030a54ba3c6d51a028e147fad2', '[\"*\"]', '2021-09-06 12:02:54', '2021-09-06 11:09:55', '2021-09-06 12:02:54'),
(31, 'App\\Models\\User', 1, 'myapp', 'b6e0ef077dd5d91d2ce57befa691f246a2a4738539f1c8471970bd4c394b3825', '[\"*\"]', '2021-09-06 12:05:30', '2021-09-06 12:05:28', '2021-09-06 12:05:30'),
(32, 'App\\Models\\User', 13, 'myapp', '052a3649d79dbe5dc8d08943d9731b8a538374ad55692c66f094a97a97660fde', '[\"*\"]', '2021-09-07 09:52:55', '2021-09-06 12:07:22', '2021-09-07 09:52:55'),
(33, 'App\\Models\\User', 1, 'myapp', '65cbbcd65727517790312c4cb390d3c04543a0dcea3a1752e07eef82dc463867', '[\"*\"]', '2021-09-07 11:47:17', '2021-09-06 14:35:11', '2021-09-07 11:47:17'),
(34, 'App\\Models\\User', 1, 'myapp', 'cc355e40ea7c852181175a0c6d8c59f27098e0766b6321e1e555eba62128cc2f', '[\"*\"]', '2021-09-07 21:53:13', '2021-09-07 13:49:47', '2021-09-07 21:53:13'),
(35, 'App\\Models\\User', 13, 'myapp', '10e653ac3d09e8c3e96e55f4a4640e9122456330f84792370e5228949c082406', '[\"*\"]', '2021-09-07 14:25:48', '2021-09-07 14:12:07', '2021-09-07 14:25:48'),
(36, 'App\\Models\\User', 13, 'myapp', 'a84339d6ec41f7d9f3432652b6e51e56607adb60f40b8735a0faa4bd4db0b0af', '[\"*\"]', '2021-09-08 11:54:10', '2021-09-08 11:54:10', '2021-09-08 11:54:10'),
(37, 'App\\Models\\User', 13, 'myapp', 'c997d172b5fc67890ec48da4a8e86e436a23377cfc974eec8a539357e5d5eb8e', '[\"*\"]', '2021-09-08 11:55:01', '2021-09-08 11:55:01', '2021-09-08 11:55:01'),
(38, 'App\\Models\\User', 1, 'myapp', 'a52a08d67fb2ea2f87dc407dc2184db82fca9fc26638c8d59ede8ec9710a3483', '[\"*\"]', '2021-09-08 12:05:45', '2021-09-08 11:57:24', '2021-09-08 12:05:45'),
(39, 'App\\Models\\User', 13, 'myapp', '35aafd8d6f4b2dd9cdec8593628e25849ed52f25fa355cb37740f6d783541288', '[\"*\"]', '2021-09-08 12:05:45', '2021-09-08 12:03:27', '2021-09-08 12:05:45'),
(40, 'App\\Models\\User', 13, 'myapp', '4ce1990c2251eb1667958aa367c4afa30850b41624e5c11d5c96105415371038', '[\"*\"]', '2021-09-08 12:06:13', '2021-09-08 12:06:13', '2021-09-08 12:06:13'),
(41, 'App\\Models\\User', 13, 'myapp', '3aa0a72ebd0c1c1fff89ee74baf4cb446dd1ccf67db6e4f2089aa8c339852ad5', '[\"*\"]', '2021-09-08 12:09:32', '2021-09-08 12:06:39', '2021-09-08 12:09:32'),
(42, 'App\\Models\\User', 1, 'myapp', 'b16e0f13af26d59f7b3107060ceb2385d873c1dd69671c1e2908c6a73dcabbbc', '[\"*\"]', '2021-09-08 12:07:18', '2021-09-08 12:07:18', '2021-09-08 12:07:18'),
(43, 'App\\Models\\User', 1, 'myapp', 'a06510506d61cf10dcd4679508e7040efadc5d32be2ffa6c6bd00c569cf7cfbb', '[\"*\"]', '2021-09-08 12:09:32', '2021-09-08 12:08:33', '2021-09-08 12:09:32'),
(44, 'App\\Models\\User', 1, 'myapp', '55721cd873346f60233d4ec36d3177bbe86311ab01c88353554a2808985a4acf', '[\"*\"]', '2021-09-08 12:10:54', '2021-09-08 12:10:54', '2021-09-08 12:10:54'),
(45, 'App\\Models\\User', 1, 'myapp', '8c15e8378ca408e464fe18ec442f614ed44991ffd5dc12d3e07c44dab24248b4', '[\"*\"]', '2021-09-08 12:11:53', '2021-09-08 12:11:52', '2021-09-08 12:11:53'),
(46, 'App\\Models\\User', 1, 'myapp', 'bfc30a9771916bccc0c910d5b738172eb815ea2698e739edc3c33ee38d9babf9', '[\"*\"]', '2021-09-08 12:28:11', '2021-09-08 12:13:16', '2021-09-08 12:28:11'),
(47, 'App\\Models\\User', 13, 'myapp', '036614a5529a7a47596f0dd2b61a82da20df5ff0176582839acab35109ecd942', '[\"*\"]', '2021-09-08 13:05:28', '2021-09-08 12:14:07', '2021-09-08 13:05:28'),
(48, 'App\\Models\\User', 1, 'myapp', '463ac22f9259f387ce060fbdb3dfb2036c99a92b7414cf72111bfde030b7aaf0', '[\"*\"]', '2021-09-08 13:05:37', '2021-09-08 12:28:35', '2021-09-08 13:05:37'),
(49, 'App\\Models\\User', 1, 'myapp', '30e9d12b56df63e6134ffc644b78d092a09a3a8dfec5221bf85f2375cbe18b70', '[\"*\"]', '2021-09-08 14:19:35', '2021-09-08 13:07:39', '2021-09-08 14:19:35'),
(50, 'App\\Models\\User', 1, 'myapp', '76336f73de3d65c4710b0d95361ab96aa6f29328bfed8b89289bd36a968a419e', '[\"*\"]', '2021-09-08 14:23:35', '2021-09-08 14:23:30', '2021-09-08 14:23:35'),
(51, 'App\\Models\\User', 13, 'myapp', '3b369415fe441616d05c0c36952f1bc7c2a9fbccbbfc8bf301efbaee3605eb5b', '[\"*\"]', '2021-09-08 14:28:20', '2021-09-08 14:24:04', '2021-09-08 14:28:20'),
(52, 'App\\Models\\User', 2, 'myapp', 'e20ad4c390d02b92f1d9a4bfc8b3179087c64ab6c95548a2c4c20bd51772c8d9', '[\"*\"]', '2021-09-08 14:28:05', '2021-09-08 14:25:17', '2021-09-08 14:28:05'),
(53, 'App\\Models\\User', 2, 'myapp', 'c94c6e27a633c0173a718631b085deb5af52c2f9f590d2c885f37bc54e4e7761', '[\"*\"]', '2021-09-08 14:30:05', '2021-09-08 14:29:57', '2021-09-08 14:30:05'),
(54, 'App\\Models\\User', 13, 'myapp', 'de913c484d068cb0d84ac7fd1af190a3e3305c969c2a789ce92050590350c157', '[\"*\"]', '2021-09-08 14:36:36', '2021-09-08 14:32:15', '2021-09-08 14:36:36'),
(55, 'App\\Models\\User', 1, 'myapp', 'cdd9d3b6408ba68818577b1cefdd933ca0b56b68b1ed6625d5e4b67310b8b0ae', '[\"*\"]', '2021-09-08 14:33:47', '2021-09-08 14:33:00', '2021-09-08 14:33:47'),
(56, 'App\\Models\\User', 1, 'myapp', 'c26a2959ce990cc2756436637e3ce9fa4da24ab65674d2f5a6063d4557155f7f', '[\"*\"]', '2021-09-08 14:52:15', '2021-09-08 14:52:15', '2021-09-08 14:52:15'),
(57, 'App\\Models\\User', 1, 'myapp', '1b32927b2313e2aac1f5a5321bf570bd7e0225097310725ab2b70b732f46242e', '[\"*\"]', '2021-09-08 14:53:47', '2021-09-08 14:53:46', '2021-09-08 14:53:47'),
(58, 'App\\Models\\User', 1, 'myapp', '97e0e71442938d01c2630e0ce7744886bb5bb674f43ad0f5b39b787f82e02cf1', '[\"*\"]', '2021-09-08 14:55:06', '2021-09-08 14:55:06', '2021-09-08 14:55:06'),
(59, 'App\\Models\\User', 1, 'myapp', 'f04e244824402f1af1b7d8268574312ed83c2bf73c87a8d2451b3c2925f38501', '[\"*\"]', '2021-09-08 14:55:56', '2021-09-08 14:55:56', '2021-09-08 14:55:56'),
(60, 'App\\Models\\User', 1, 'myapp', '5544fb63726c382dc5417b3d3ab45e290531f2b84771213528e5d1eadabb99f8', '[\"*\"]', '2021-09-08 16:12:08', '2021-09-08 14:56:47', '2021-09-08 16:12:08'),
(61, 'App\\Models\\User', 1, 'myapp', '83653cdefb4e4255475c396da8105df07322d8d6869f3f2084aeb7912098224c', '[\"*\"]', '2021-09-08 16:20:30', '2021-09-08 16:20:30', '2021-09-08 16:20:30'),
(62, 'App\\Models\\User', 2, 'myapp', '309fb8815535f8990619cce9ee814320c4648e2bd76f289680a0523190349265', '[\"*\"]', '2021-09-08 16:25:37', '2021-09-08 16:25:31', '2021-09-08 16:25:37'),
(63, 'App\\Models\\User', 2, 'myapp', '9418a0e5d0f51898df41253a3709662b8b37ab9de239d00eea63502fe44fbf7e', '[\"*\"]', '2021-09-08 16:28:29', '2021-09-08 16:28:24', '2021-09-08 16:28:29'),
(64, 'App\\Models\\User', 2, 'myapp', '3a68b2507f500a1e92a4fbc07a6c71f0e90888c1d7c1fbe8244ab042f326d498', '[\"*\"]', '2021-09-08 16:31:26', '2021-09-08 16:29:50', '2021-09-08 16:31:26'),
(65, 'App\\Models\\User', 2, 'myapp', '6f4b0eaea25728ce16f5da17b2f6719a0fa997d0c7ca1f8de04ec50be21e5ca8', '[\"*\"]', '2021-09-08 16:38:05', '2021-09-08 16:31:43', '2021-09-08 16:38:05'),
(66, 'App\\Models\\User', 2, 'myapp', '4b88f394da70344b7865bb5e71f2ff80f28cf406d6c05825d668c35daa6f583f', '[\"*\"]', '2021-09-08 16:42:34', '2021-09-08 16:42:34', '2021-09-08 16:42:34'),
(67, 'App\\Models\\User', 2, 'myapp', '958b02a06f556f363dc9684270b48710a3469215a016ef1c120bde8dd6525434', '[\"*\"]', '2021-09-08 16:44:06', '2021-09-08 16:44:05', '2021-09-08 16:44:06'),
(68, 'App\\Models\\User', 2, 'myapp', 'b584b57ce02441fae1fa5a4181dc30ba8fab7b49c631290a402cd61e63393fae', '[\"*\"]', '2021-09-08 16:44:33', '2021-09-08 16:44:33', '2021-09-08 16:44:33'),
(69, 'App\\Models\\User', 2, 'myapp', '870975a2159abe757546a9cbeecbefc3c764b1628493f081790fdfbca67e0da3', '[\"*\"]', '2021-09-08 16:56:40', '2021-09-08 16:55:40', '2021-09-08 16:56:40'),
(70, 'App\\Models\\User', 2, 'myapp', '4e98dd4d55e79647523461dc2d1ebb07164dd85fa2cdcd7b052faf29d1bc0f43', '[\"*\"]', '2021-09-08 16:56:56', '2021-09-08 16:56:55', '2021-09-08 16:56:56'),
(71, 'App\\Models\\User', 2, 'myapp', 'a74a627550359fef14de8eb873f91e139ecdb1b1ced88661dfb9ee7defdcf2c2', '[\"*\"]', '2021-09-08 16:57:44', '2021-09-08 16:57:44', '2021-09-08 16:57:44'),
(72, 'App\\Models\\User', 1, 'myapp', '21ecc8b04330bc1ff366864241cd61913516ffa641ac8ef9c7990d4b7b8a93e3', '[\"*\"]', '2021-09-08 16:58:11', '2021-09-08 16:58:10', '2021-09-08 16:58:11'),
(73, 'App\\Models\\User', 1, 'myapp', 'a8e11cc3fc96e98ccd90344789bddbeb807d87e3886c7fe2390c097be8b386d1', '[\"*\"]', '2021-09-08 16:58:52', '2021-09-08 16:58:51', '2021-09-08 16:58:52'),
(74, 'App\\Models\\User', 2, 'myapp', '73d8a684bcf2ffc7d17fa1121585e3e7293db022b8976044d7857ff3994891e2', '[\"*\"]', '2021-09-08 17:01:26', '2021-09-08 17:01:25', '2021-09-08 17:01:26'),
(75, 'App\\Models\\User', 1, 'myapp', '8d0e7113622ebc03eab6c18ef0b61a91d14b5fa20ef901661e6c919eeb7dbfcd', '[\"*\"]', '2021-09-08 17:02:44', '2021-09-08 17:01:48', '2021-09-08 17:02:44'),
(76, 'App\\Models\\User', 1, 'myapp', 'e9a357edf503f2998c7f43c01354e7cc4c6dc149e66dfdd5a0fb73850520a62e', '[\"*\"]', '2021-09-08 17:04:17', '2021-09-08 17:04:10', '2021-09-08 17:04:17'),
(77, 'App\\Models\\User', 1, 'myapp', 'd686c538106a6305cefe6c2543623ff8f10823ce27da0656bf53174f32ed7216', '[\"*\"]', '2021-09-08 17:05:03', '2021-09-08 17:04:55', '2021-09-08 17:05:03'),
(78, 'App\\Models\\User', 2, 'myapp', '95c34569a6f451da0ffab15df84d7000e0f1e1a37e92d51b0129aaf0239f6ba8', '[\"*\"]', '2021-09-08 17:06:52', '2021-09-08 17:05:31', '2021-09-08 17:06:52'),
(79, 'App\\Models\\User', 1, 'myapp', 'beed387960a2d80f1a3de244473acab7c23212245cee54b5dab36153b0d4ad07', '[\"*\"]', '2021-09-08 17:09:24', '2021-09-08 17:09:16', '2021-09-08 17:09:24'),
(80, 'App\\Models\\User', 1, 'myapp', '1a76b15f35cc987eaefefc350de616e1a19d3f13b9e2cd826c8368d6c7459949', '[\"*\"]', '2021-09-08 17:10:00', '2021-09-08 17:09:52', '2021-09-08 17:10:00'),
(81, 'App\\Models\\User', 2, 'myapp', '78f330b20118d4650cb9756039024c5564c4a1738363cfcc8e25a32277670c7a', '[\"*\"]', '2021-09-08 17:11:27', '2021-09-08 17:10:46', '2021-09-08 17:11:27'),
(82, 'App\\Models\\User', 2, 'myapp', 'ac0ad5bf36f35978abc0196b675fcfbcdfee7c8e57a7dcf6bef1162891bf1c97', '[\"*\"]', '2021-09-08 17:14:08', '2021-09-08 17:14:05', '2021-09-08 17:14:08'),
(83, 'App\\Models\\User', 1, 'myapp', '915444d3641a850aecea07b3e2156a739c4285055b3494931ab5fb1ddfa4f200', '[\"*\"]', '2021-09-08 17:15:14', '2021-09-08 17:14:28', '2021-09-08 17:15:14'),
(84, 'App\\Models\\User', 2, 'myapp', '063c41c2f149eb130fec454299254b020e0c7024a95b480398d2a0be872565dc', '[\"*\"]', '2021-09-08 17:17:53', '2021-09-08 17:17:50', '2021-09-08 17:17:53'),
(85, 'App\\Models\\User', 1, 'myapp', '0948681d16252b8bc83c9efb7ca0b0d2429ff73e68ac018c2d2a9981b0f771a0', '[\"*\"]', '2021-09-08 17:18:27', '2021-09-08 17:18:10', '2021-09-08 17:18:27'),
(86, 'App\\Models\\User', 2, 'myapp', 'bdeccb56016632e131f15dbcaf7ec5b6f1c27eeef5199d580bccbe9a5eefcd65', '[\"*\"]', '2021-09-08 17:23:26', '2021-09-08 17:23:23', '2021-09-08 17:23:26'),
(87, 'App\\Models\\User', 1, 'myapp', '9921f16c203e7cf13f0165098ce64680ad9603bcb4f038dd1f11ff05ac10b247', '[\"*\"]', '2021-09-08 17:24:00', '2021-09-08 17:23:48', '2021-09-08 17:24:00'),
(88, 'App\\Models\\User', 1, 'myapp', 'f8fb36b11a1ae65cdb3a98c42ce3d8e78d681f6e68fbfb8e3582f8070ebecd59', '[\"*\"]', '2021-09-08 21:17:31', '2021-09-08 21:17:29', '2021-09-08 21:17:31'),
(89, 'App\\Models\\User', 13, 'myapp', 'bd125bfd56a4869be63a9077a6c15f1087c7e03ddc5e4fcbfefa1b702e539062', '[\"*\"]', '2021-09-08 21:18:18', '2021-09-08 21:18:08', '2021-09-08 21:18:18'),
(90, 'App\\Models\\User', 13, 'myapp', '25cc35228559bcd98ef179406344af429eb6d88ba68fec6b5a3a339efa52576e', '[\"*\"]', '2021-09-08 21:19:28', '2021-09-08 21:19:19', '2021-09-08 21:19:28'),
(91, 'App\\Models\\User', 1, 'myapp', '4cf08fda483d50ad1dcb3fa320470b18f63e00431b58d1a649a1eaf48088dc59', '[\"*\"]', '2021-09-08 21:21:33', '2021-09-08 21:19:44', '2021-09-08 21:21:33'),
(92, 'App\\Models\\User', 1, 'myapp', '9991f6d58379834d7bdbd286d9673a6d2dcf99d3be405d588cde4811451dad93', '[\"*\"]', '2021-09-08 22:58:39', '2021-09-08 22:58:28', '2021-09-08 22:58:39'),
(93, 'App\\Models\\User', 1, 'myapp', 'b8b9a98dbcd3eeab4525ae35841d6c1e18bab4cb5d79cbdc0a0bb32288c5390f', '[\"*\"]', '2021-09-08 22:58:52', '2021-09-08 22:58:51', '2021-09-08 22:58:52'),
(94, 'App\\Models\\User', 1, 'myapp', 'dce984c79fe7fba3b745a05083f89314a9cc2488993b7060122af73e880a5fd1', '[\"*\"]', '2021-09-08 23:01:41', '2021-09-08 23:01:40', '2021-09-08 23:01:41'),
(95, 'App\\Models\\User', 1, 'myapp', '518990975210271f28bae52dc00678b16c057c54387b1c5e17bc6e1189e5d26e', '[\"*\"]', NULL, '2021-09-08 23:06:50', '2021-09-08 23:06:50'),
(96, 'App\\Models\\User', 1, 'myapp', '98e8ec279324e7d489f643c35e9687dec1a64561156d2920486e6e39748f20ac', '[\"*\"]', '2021-09-08 23:20:24', '2021-09-08 23:19:52', '2021-09-08 23:20:24'),
(97, 'App\\Models\\User', 1, 'myapp', '9a1d50203e70ee538b1f3858f87ea3ea5e4cd0c53a9329819e154616d9117435', '[\"*\"]', '2021-09-08 23:21:14', '2021-09-08 23:21:11', '2021-09-08 23:21:14'),
(98, 'App\\Models\\User', 1, 'myapp', 'b5489cc69bf2a099909c00c27d093cfedf7f6d1fc5beb41cc1b0546c788025c4', '[\"*\"]', '2021-09-08 23:23:24', '2021-09-08 23:23:11', '2021-09-08 23:23:24'),
(99, 'App\\Models\\User', 1, 'myapp', 'dea9d788530225a3f099a38b04345926089e664516b85b3a1fcad435decf3116', '[\"*\"]', '2021-09-08 23:23:45', '2021-09-08 23:23:45', '2021-09-08 23:23:45'),
(100, 'App\\Models\\User', 1, 'myapp', '80c703fd629ffdb4bc4d84b14ab1ea2a75cd0f65b546bedb25c2c7f53fa7210b', '[\"*\"]', '2021-09-08 23:25:43', '2021-09-08 23:25:43', '2021-09-08 23:25:43'),
(101, 'App\\Models\\User', 1, 'myapp', 'b426fadd086518fdfa43d0cc51fc82e81d3448c1a7247c23185044d557237d8e', '[\"*\"]', '2021-09-08 23:30:42', '2021-09-08 23:26:11', '2021-09-08 23:30:42'),
(102, 'App\\Models\\User', 13, 'myapp', '3ab25cb3a3f8c37abf0b076b6d2b11499d876af2bc5bd48b75287375a52c0eee', '[\"*\"]', '2021-09-08 23:30:42', '2021-09-08 23:26:40', '2021-09-08 23:30:42'),
(103, 'App\\Models\\User', 13, 'myapp', '50587dc8ef7715ee2f5eea2257d3c58f5952995c29cf21c48ede2154504e4a3b', '[\"*\"]', '2021-09-08 23:35:49', '2021-09-08 23:33:20', '2021-09-08 23:35:49'),
(104, 'App\\Models\\User', 1, 'myapp', 'bb11c3370c541260585362e685618281814a30eed62f6da76b261d8a25d390bf', '[\"*\"]', '2021-09-08 23:35:49', '2021-09-08 23:34:20', '2021-09-08 23:35:49'),
(105, 'App\\Models\\User', 13, 'myapp', '100923534a7836f6e0cf408014fc25a0b91d2be94d5edadfa8d933e28b755833', '[\"*\"]', '2021-09-08 23:37:08', '2021-09-08 23:36:41', '2021-09-08 23:37:08'),
(106, 'App\\Models\\User', 1, 'myapp', '44c2f22d66cc18a1f857801b31d0fdf2cf0f51a00242f1a309893b0ce990c5f8', '[\"*\"]', '2021-09-08 23:37:28', '2021-09-08 23:36:55', '2021-09-08 23:37:28'),
(107, 'App\\Models\\User', 13, 'myapp', 'a49e8201c74f9dcaf69107f710a1e7628a337d803234d38604dfbc18708a2acf', '[\"*\"]', '2021-09-08 23:46:01', '2021-09-08 23:44:52', '2021-09-08 23:46:01'),
(108, 'App\\Models\\User', 1, 'myapp', 'b310a722f60fa18ee7635b003ee19680b9b3d3860a1f73804bdb9bc61ced560b', '[\"*\"]', '2021-09-08 23:45:22', '2021-09-08 23:45:16', '2021-09-08 23:45:22'),
(109, 'App\\Models\\User', 2, 'myapp', 'f1c7bed7f82ab9e0f17308c2268fd7e956f84f2453209bb335568d1f0f4c0169', '[\"*\"]', '2021-09-08 23:46:12', '2021-09-08 23:45:44', '2021-09-08 23:46:12'),
(110, 'App\\Models\\User', 13, 'myapp', 'db64794c439adbfda018833bb7fdc1b7d1259237f0dff1ac67b59a08fea640ab', '[\"*\"]', '2021-09-08 23:51:20', '2021-09-08 23:51:18', '2021-09-08 23:51:20'),
(111, 'App\\Models\\User', 1, 'myapp', 'd06a9541724bc58137bdf6aeebc67c7614d48b8244676f53bd4918b735de6f9f', '[\"*\"]', '2021-09-08 23:51:45', '2021-09-08 23:51:35', '2021-09-08 23:51:45'),
(112, 'App\\Models\\User', 2, 'myapp', 'f0316a0345fe71c54b8af8c9298fa314257d50bd511fdf6760bac111716f6784', '[\"*\"]', '2021-09-08 23:52:11', '2021-09-08 23:52:01', '2021-09-08 23:52:11'),
(113, 'App\\Models\\User', 2, 'myapp', '258bc9720309a2e2661a6ca6e28cdf4ce7747e83421967510f86dedef442cd33', '[\"*\"]', '2021-09-09 07:29:07', '2021-09-09 07:29:05', '2021-09-09 07:29:07'),
(114, 'App\\Models\\User', 2, 'myapp', '2c50345e9a5e3bf319d4e23cb3946444d32e626e5b99db8717c6c2e4c12339ab', '[\"*\"]', '2021-09-09 07:31:56', '2021-09-09 07:31:54', '2021-09-09 07:31:56'),
(115, 'App\\Models\\User', 2, 'myapp', 'ca0b890881ef10552c8825524ef2c177c9c42048f93d0a80109cf2ed5d18f3e3', '[\"*\"]', '2021-09-09 07:33:16', '2021-09-09 07:33:14', '2021-09-09 07:33:16'),
(116, 'App\\Models\\User', 2, 'myapp', '6c861d872801d43ba6a6cf9ae4ad7ab9e926cb2409c8e138c034b8d860d47a35', '[\"*\"]', '2021-09-09 07:33:42', '2021-09-09 07:33:40', '2021-09-09 07:33:42'),
(117, 'App\\Models\\User', 2, 'myapp', '0597828e2b8d60d36906fcb8eea0a59f45ec355a728a022cd633f2db3e5fea58', '[\"*\"]', '2021-09-09 07:41:28', '2021-09-09 07:41:26', '2021-09-09 07:41:28'),
(118, 'App\\Models\\User', 2, 'myapp', '3471046c65a27e6f0f677258dc75d199dc7cfcdbdf2af9420be01c1ec6b1d7c2', '[\"*\"]', '2021-09-09 07:42:12', '2021-09-09 07:42:09', '2021-09-09 07:42:12'),
(119, 'App\\Models\\User', 2, 'myapp', 'e1212cfec9020677c893b0a8a25fd712e6bea88d303d7fb20abc045da84dce73', '[\"*\"]', '2021-09-09 07:46:50', '2021-09-09 07:46:48', '2021-09-09 07:46:50'),
(120, 'App\\Models\\User', 2, 'myapp', 'bebc662a8338f66018b78c59a0069d259b82a7422ecf6c22cf700dbd5fb67f73', '[\"*\"]', '2021-09-09 07:47:57', '2021-09-09 07:47:55', '2021-09-09 07:47:57'),
(121, 'App\\Models\\User', 2, 'myapp', '3b9b70e22b2cb492fbb59d4d5428b8aa3e83b9ff70fe76949a1a124edccd3045', '[\"*\"]', '2021-09-09 07:52:14', '2021-09-09 07:51:26', '2021-09-09 07:52:14'),
(122, 'App\\Models\\User', 2, 'myapp', '97eebf404bfc855c62f5de3b59935524427d5cbc04220fd3cf9ed2d7d25cc4aa', '[\"*\"]', '2021-09-09 07:52:46', '2021-09-09 07:52:45', '2021-09-09 07:52:46'),
(123, 'App\\Models\\User', 2, 'myapp', '00c5a57ca13d83435534b686e707512e47168b79b9c73bc8de374e284fb93799', '[\"*\"]', '2021-09-09 07:57:05', '2021-09-09 07:57:02', '2021-09-09 07:57:05'),
(124, 'App\\Models\\User', 2, 'myapp', '8211dcd0e46edce6febaa5f66d34b19de72b15b00c4104a9435923c41ff8ef77', '[\"*\"]', '2021-09-09 08:43:47', '2021-09-09 08:43:46', '2021-09-09 08:43:47'),
(125, 'App\\Models\\User', 1, 'myapp', '5dc4aa30db0b7fa33d4e2727ac8dd163d22ff222f56525ba90b8f83c5f313846', '[\"*\"]', '2021-09-09 08:44:06', '2021-09-09 08:44:06', '2021-09-09 08:44:06'),
(126, 'App\\Models\\User', 2, 'myapp', '13618cba255b41aa7c43df9905e32e56fb957c4b1d6092c96403467209433a00', '[\"*\"]', '2021-09-09 09:11:06', '2021-09-09 08:46:46', '2021-09-09 09:11:06'),
(127, 'App\\Models\\User', 1, 'myapp', '9c37a51642f793e0ae4539c7f98cb82cc9973f2a9036fd67f7dae078e23bbb10', '[\"*\"]', '2021-09-09 09:16:59', '2021-09-09 09:11:31', '2021-09-09 09:16:59'),
(128, 'App\\Models\\User', 2, 'myapp', 'cea2f90a1ee3dd26d7c8770378f51d385478d52a609253e1b84edfbb95360a37', '[\"*\"]', '2021-09-09 09:17:53', '2021-09-09 09:17:53', '2021-09-09 09:17:53'),
(129, 'App\\Models\\User', 2, 'myapp', '7578e1a74880b5d343610a86a613c01f782b77e31a153c395c6529e8b4526076', '[\"*\"]', '2021-09-09 09:33:40', '2021-09-09 09:18:33', '2021-09-09 09:33:40'),
(130, 'App\\Models\\User', 2, 'myapp', 'ad778d844c9660ecffc0cb8107f7d2e3f6534c5b6f97d8640e4114341cb35721', '[\"*\"]', '2021-09-09 09:53:24', '2021-09-09 09:53:23', '2021-09-09 09:53:24'),
(131, 'App\\Models\\User', 1, 'myapp', 'b8330289a082715657fc40da3986c9d1d0340042108282133e4be174192b75fe', '[\"*\"]', '2021-09-09 09:56:29', '2021-09-09 09:53:45', '2021-09-09 09:56:29'),
(132, 'App\\Models\\User', 2, 'myapp', '2d2b675286132945ac353a6291d40b1c87cb948618bafbcfcfb076fc71664a42', '[\"*\"]', '2021-09-09 09:57:01', '2021-09-09 09:57:00', '2021-09-09 09:57:01'),
(133, 'App\\Models\\User', 1, 'myapp', 'b8690e9d67d021dac468ff42665441a4b765a02132ccfac2921abe7b3a875636', '[\"*\"]', '2021-09-09 11:14:19', '2021-09-09 09:59:52', '2021-09-09 11:14:19'),
(134, 'App\\Models\\User', 13, 'myapp', '58cb4846e68386adaa37b73fdfe68abe2e3bbe5f3b0dead5d7716df868016217', '[\"*\"]', '2021-09-09 11:15:13', '2021-09-09 11:15:07', '2021-09-09 11:15:13'),
(135, 'App\\Models\\User', 2, 'myapp', 'ac961371885587c823f14291789a6b97ec170567df9a843b62598cabd1352868', '[\"*\"]', '2021-09-09 12:24:20', '2021-09-09 12:24:12', '2021-09-09 12:24:20'),
(136, 'App\\Models\\User', 1, 'myapp', '529844509a039fb1a2bb05c90eb1074d60c669371d3e33e2d83918d45f15cf95', '[\"*\"]', '2021-09-09 12:24:46', '2021-09-09 12:24:37', '2021-09-09 12:24:46'),
(137, 'App\\Models\\User', 13, 'myapp', 'cf7489d78c1d96e7cd957d3067ce61ffa60ab2db70e606e7b1a5514f0f33fce9', '[\"*\"]', '2021-09-09 12:25:51', '2021-09-09 12:25:38', '2021-09-09 12:25:51'),
(138, 'App\\Models\\User', 2, 'myapp', '240b6f79f3ebb3ebd1f885e6e90d7cc6267f273afba4c47b91a83b487cea3261', '[\"*\"]', '2021-09-09 12:32:36', '2021-09-09 12:32:28', '2021-09-09 12:32:36'),
(139, 'App\\Models\\User', 1, 'myapp', '41590a4eb2057f4fd06d6a87c5c3000c3639cc2c3a4ce2c4c3322c0776dde7e2', '[\"*\"]', '2021-09-09 12:33:12', '2021-09-09 12:33:03', '2021-09-09 12:33:12'),
(140, 'App\\Models\\User', 2, 'myapp', 'efcf810281feef8ceb6b696a2ab3015f5dddad152fff34517566380cb81e5188', '[\"*\"]', '2021-09-09 12:58:11', '2021-09-09 12:57:59', '2021-09-09 12:58:11'),
(141, 'App\\Models\\User', 2, 'myapp', '58471215d40e75d7e07d93820de087abeb6b92c47489397a6b0a7e100158d867', '[\"*\"]', '2021-09-09 12:58:53', '2021-09-09 12:58:47', '2021-09-09 12:58:53'),
(142, 'App\\Models\\User', 2, 'myapp', '26f4d82933c599b1e4944f177db9c34a03dfccb4f2e39c349f5e09c11c48e937', '[\"*\"]', '2021-09-09 13:05:02', '2021-09-09 13:04:53', '2021-09-09 13:05:02'),
(143, 'App\\Models\\User', 2, 'myapp', 'd19a567ff9ca694e668c00520688718d09b90751452a7f8fa0fa479694d29c7a', '[\"*\"]', '2021-09-09 13:06:08', '2021-09-09 13:05:58', '2021-09-09 13:06:08'),
(144, 'App\\Models\\User', 2, 'myapp', '3bdbad973d9efd4ad8f582381e2e3412b52f0e84e181d894f913165f9af57504', '[\"*\"]', '2021-09-09 13:07:58', '2021-09-09 13:07:53', '2021-09-09 13:07:58'),
(145, 'App\\Models\\User', 1, 'myapp', '62a145cab3fcaf1f0187b3c4a8ccfe05c72367653f706d07082dafbb89fa7c40', '[\"*\"]', '2021-09-09 13:08:37', '2021-09-09 13:08:28', '2021-09-09 13:08:37'),
(146, 'App\\Models\\User', 13, 'myapp', '69c15dca3f716c3bfe8ccc93d1ebeb6999fc7e1cdbf881280fa96ef2739c8a18', '[\"*\"]', '2021-09-09 13:09:07', '2021-09-09 13:08:57', '2021-09-09 13:09:07'),
(147, 'App\\Models\\User', 1, 'myapp', 'a2aac38b68db6f6a5d84cf932e9fd270769b35b8afea2411cd7979b96ee5625c', '[\"*\"]', '2021-09-09 13:10:25', '2021-09-09 13:10:19', '2021-09-09 13:10:25'),
(148, 'App\\Models\\User', 2, 'myapp', '6cce94601043afb6fc8c3f72a8f3ca4c99739fdb1195709a0014a0462d064e4e', '[\"*\"]', '2021-09-09 13:11:41', '2021-09-09 13:10:41', '2021-09-09 13:11:41'),
(149, 'App\\Models\\User', 13, 'myapp', 'f87d85e3138f1bb41dcb583f373480b8dc6e16fad7e6961b8e1f6706b590f7ff', '[\"*\"]', '2021-09-09 13:11:14', '2021-09-09 13:11:07', '2021-09-09 13:11:14'),
(150, 'App\\Models\\User', 2, 'myapp', '6fc88fd8d9479b30271f259804c6492dabb3f4f1fe9f69f8040bf3de5ba5fad2', '[\"*\"]', '2021-09-09 14:25:12', '2021-09-09 14:25:07', '2021-09-09 14:25:12'),
(151, 'App\\Models\\User', 1, 'myapp', 'b35f91da9b14eee673e0422dee5dfed7c301ad0ecd7dd228d2ac66b31420b203', '[\"*\"]', '2021-09-09 14:28:46', '2021-09-09 14:25:30', '2021-09-09 14:28:46'),
(152, 'App\\Models\\User', 2, 'myapp', '3e20cdba29beecd84031b2cbc08d8ccbbb04838104ddf84c52351e319f519ed4', '[\"*\"]', '2021-09-09 14:30:06', '2021-09-09 14:30:03', '2021-09-09 14:30:06'),
(153, 'App\\Models\\User', 1, 'myapp', '55a74d9f5229c2a9ed4d6e17172bcdb0cace5712f4e426589f89e96b76f8d423', '[\"*\"]', '2021-09-09 14:31:40', '2021-09-09 14:30:21', '2021-09-09 14:31:40'),
(154, 'App\\Models\\User', 13, 'myapp', 'f9f55a60c9caaf95338dd8eed729953ba9e9a707db956704abaed5742d94f2bc', '[\"*\"]', '2021-09-09 14:30:58', '2021-09-09 14:30:52', '2021-09-09 14:30:58'),
(155, 'App\\Models\\User', 1, 'myapp', '3c19ad460bd535908006d0b1e554ee7ceecad610db3320a17150eb93dd462e0e', '[\"*\"]', NULL, '2021-10-20 11:12:07', '2021-10-20 11:12:07'),
(156, 'App\\Models\\User', 1, 'myapp', 'd4316f27f128d8521baedd45d7e9059424a583095b01beb7e3c5211ad5e7bc4b', '[\"*\"]', NULL, '2021-10-20 11:12:29', '2021-10-20 11:12:29'),
(157, 'App\\Models\\User', 13, 'myapp', '6957667c818f1f596a671b309d93d2839905ad510411e2abedc1811419226277', '[\"*\"]', '2021-10-20 11:18:14', '2021-10-20 11:12:59', '2021-10-20 11:18:14');

-- --------------------------------------------------------

--
-- Structure de la table `users`
--

CREATE TABLE `users` (
  `id` bigint(20) UNSIGNED NOT NULL,
  `name` varchar(255) COLLATE utf8mb4_unicode_ci NOT NULL,
  `email` varchar(255) COLLATE utf8mb4_unicode_ci NOT NULL,
  `email_verified_at` timestamp NULL DEFAULT NULL,
  `password` varchar(255) COLLATE utf8mb4_unicode_ci NOT NULL,
  `remember_token` varchar(100) COLLATE utf8mb4_unicode_ci DEFAULT NULL,
  `created_at` timestamp NULL DEFAULT NULL,
  `updated_at` timestamp NULL DEFAULT NULL
) ENGINE=InnoDB DEFAULT CHARSET=utf8mb4 COLLATE=utf8mb4_unicode_ci;

--
-- Déchargement des données de la table `users`
--

INSERT INTO `users` (`id`, `name`, `email`, `email_verified_at`, `password`, `remember_token`, `created_at`, `updated_at`) VALUES
(1, 'Prof. King Kulas', 'brando00@example.net', '2021-09-04 07:18:22', '$2y$10$92IXUNpkjO0rOQ5byMi.Ye4oKoEa3Ro9llC/.og/at2.uheWG/igi', 'Ns6myZc5ON', '2021-09-04 07:18:22', '2021-09-04 07:18:22'),
(2, 'Wallace Quitzon V', 'clarabelle.hirthe@example.com', '2021-09-04 07:18:22', '$2y$10$92IXUNpkjO0rOQ5byMi.Ye4oKoEa3Ro9llC/.og/at2.uheWG/igi', 'MVso2Q14bv', '2021-09-04 07:18:22', '2021-09-04 07:18:22'),
(3, 'Magnolia Olson', 'reichel.ethan@example.org', '2021-09-04 07:18:22', '$2y$10$92IXUNpkjO0rOQ5byMi.Ye4oKoEa3Ro9llC/.og/at2.uheWG/igi', 'TqubUBR8Cl', '2021-09-04 07:18:22', '2021-09-04 07:18:22'),
(4, 'Cleo Luettgen', 'edyth44@example.net', '2021-09-04 07:18:22', '$2y$10$92IXUNpkjO0rOQ5byMi.Ye4oKoEa3Ro9llC/.og/at2.uheWG/igi', 'CrWaqQiHQE', '2021-09-04 07:18:22', '2021-09-04 07:18:22'),
(5, 'Mrs. Adrianna Gleason', 'furman62@example.net', '2021-09-04 07:18:22', '$2y$10$92IXUNpkjO0rOQ5byMi.Ye4oKoEa3Ro9llC/.og/at2.uheWG/igi', 'YwaFPnuan0', '2021-09-04 07:18:22', '2021-09-04 07:18:22'),
(6, 'Lenna Bartoletti', 'cjacobi@example.com', '2021-09-04 07:18:22', '$2y$10$92IXUNpkjO0rOQ5byMi.Ye4oKoEa3Ro9llC/.og/at2.uheWG/igi', 'TJhnAbKyDa', '2021-09-04 07:18:22', '2021-09-04 07:18:22'),
(7, 'Royal Graham', 'kbartoletti@example.com', '2021-09-04 07:18:22', '$2y$10$92IXUNpkjO0rOQ5byMi.Ye4oKoEa3Ro9llC/.og/at2.uheWG/igi', 'h0oU6BSMiB', '2021-09-04 07:18:22', '2021-09-04 07:18:22'),
(8, 'Dr. Harvey Lueilwitz', 'terry.elisha@example.org', '2021-09-04 07:18:22', '$2y$10$92IXUNpkjO0rOQ5byMi.Ye4oKoEa3Ro9llC/.og/at2.uheWG/igi', 'IJcvSRXvcM', '2021-09-04 07:18:22', '2021-09-04 07:18:22'),
(9, 'Candelario Hoppe', 'ecruickshank@example.org', '2021-09-04 07:18:22', '$2y$10$92IXUNpkjO0rOQ5byMi.Ye4oKoEa3Ro9llC/.og/at2.uheWG/igi', 'KYwfb1HZDa', '2021-09-04 07:18:22', '2021-09-04 07:18:22'),
(10, 'Mr. Godfrey Goldner', 'haley.dennis@example.com', '2021-09-04 07:18:22', '$2y$10$92IXUNpkjO0rOQ5byMi.Ye4oKoEa3Ro9llC/.og/at2.uheWG/igi', 'TMdWgHkmM2', '2021-09-04 07:18:22', '2021-09-04 07:18:22'),
(11, 'Casimir Cartwright', 'murphy.dejon@example.org', '2021-09-04 07:18:22', '$2y$10$92IXUNpkjO0rOQ5byMi.Ye4oKoEa3Ro9llC/.og/at2.uheWG/igi', 'kgiCTaU1by', '2021-09-04 07:18:22', '2021-09-04 07:18:22'),
(12, 'Mozell Batz DDS', 'queen72@example.org', '2021-09-04 07:18:22', '$2y$10$92IXUNpkjO0rOQ5byMi.Ye4oKoEa3Ro9llC/.og/at2.uheWG/igi', 'lMGbk9wzKj', '2021-09-04 07:18:22', '2021-09-04 07:18:22'),
(13, 'Aiden Mraz', 'tillman.michel@example.net', '2021-09-04 07:18:22', '$2y$10$92IXUNpkjO0rOQ5byMi.Ye4oKoEa3Ro9llC/.og/at2.uheWG/igi', 'HZUOrgtiNi', '2021-09-04 07:18:22', '2021-09-04 07:18:22'),
(14, 'Sherwood Stark', 'ptillman@example.net', '2021-09-04 07:18:22', '$2y$10$92IXUNpkjO0rOQ5byMi.Ye4oKoEa3Ro9llC/.og/at2.uheWG/igi', 'IKVEk58rAP', '2021-09-04 07:18:22', '2021-09-04 07:18:22'),
(15, 'Prof. Jack Shanahan V', 'keeling.katrine@example.com', '2021-09-04 07:18:22', '$2y$10$92IXUNpkjO0rOQ5byMi.Ye4oKoEa3Ro9llC/.og/at2.uheWG/igi', 'OzFq0vQ2QJ', '2021-09-04 07:18:22', '2021-09-04 07:18:22'),
(16, 'Theodore Gibson', 'ojast@example.org', '2021-09-04 07:18:22', '$2y$10$92IXUNpkjO0rOQ5byMi.Ye4oKoEa3Ro9llC/.og/at2.uheWG/igi', '0KSczesYxt', '2021-09-04 07:18:22', '2021-09-04 07:18:22'),
(17, 'Josianne Murray', 'feeney.marguerite@example.net', '2021-09-04 07:18:22', '$2y$10$92IXUNpkjO0rOQ5byMi.Ye4oKoEa3Ro9llC/.og/at2.uheWG/igi', 'ltn203YqqA', '2021-09-04 07:18:22', '2021-09-04 07:18:22'),
(18, 'Amara Torphy I', 'plemke@example.com', '2021-09-04 07:18:22', '$2y$10$92IXUNpkjO0rOQ5byMi.Ye4oKoEa3Ro9llC/.og/at2.uheWG/igi', 'IFVjEd4SXE', '2021-09-04 07:18:22', '2021-09-04 07:18:22'),
(19, 'Billie Boyer', 'jazmyn.tremblay@example.net', '2021-09-04 07:18:22', '$2y$10$92IXUNpkjO0rOQ5byMi.Ye4oKoEa3Ro9llC/.og/at2.uheWG/igi', 'vnuEJsg4nW', '2021-09-04 07:18:22', '2021-09-04 07:18:22'),
(20, 'Lilian Pfeffer', 'else.wolff@example.com', '2021-09-04 07:18:22', '$2y$10$92IXUNpkjO0rOQ5byMi.Ye4oKoEa3Ro9llC/.og/at2.uheWG/igi', 'tWpuYvp0N2', '2021-09-04 07:18:22', '2021-09-04 07:18:22');

--
-- Index pour les tables déchargées
--

--
-- Index pour la table `conversations`
--
ALTER TABLE `conversations`
  ADD PRIMARY KEY (`conversation_id`),
  ADD KEY `conversations_conversation_first_partner_foreign` (`conversation_first_partner`),
  ADD KEY `conversations_conversation_second_partner_foreign` (`conversation_second_partner`);

--
-- Index pour la table `failed_jobs`
--
ALTER TABLE `failed_jobs`
  ADD PRIMARY KEY (`id`),
  ADD UNIQUE KEY `failed_jobs_uuid_unique` (`uuid`);

--
-- Index pour la table `messages`
--
ALTER TABLE `messages`
  ADD PRIMARY KEY (`message_id`),
  ADD KEY `messages_message_sender_foreign` (`message_sender`),
  ADD KEY `messages_conversation_id_foreign` (`conversation_id`),
  ADD KEY `message_receiver` (`message_receiver`);

--
-- Index pour la table `migrations`
--
ALTER TABLE `migrations`
  ADD PRIMARY KEY (`id`);

--
-- Index pour la table `password_resets`
--
ALTER TABLE `password_resets`
  ADD KEY `password_resets_email_index` (`email`);

--
-- Index pour la table `personal_access_tokens`
--
ALTER TABLE `personal_access_tokens`
  ADD PRIMARY KEY (`id`),
  ADD UNIQUE KEY `personal_access_tokens_token_unique` (`token`),
  ADD KEY `personal_access_tokens_tokenable_type_tokenable_id_index` (`tokenable_type`,`tokenable_id`);

--
-- Index pour la table `users`
--
ALTER TABLE `users`
  ADD PRIMARY KEY (`id`),
  ADD UNIQUE KEY `users_email_unique` (`email`);

--
-- AUTO_INCREMENT pour les tables déchargées
--

--
-- AUTO_INCREMENT pour la table `conversations`
--
ALTER TABLE `conversations`
  MODIFY `conversation_id` bigint(20) UNSIGNED NOT NULL AUTO_INCREMENT, AUTO_INCREMENT=8;

--
-- AUTO_INCREMENT pour la table `failed_jobs`
--
ALTER TABLE `failed_jobs`
  MODIFY `id` bigint(20) UNSIGNED NOT NULL AUTO_INCREMENT;

--
-- AUTO_INCREMENT pour la table `messages`
--
ALTER TABLE `messages`
  MODIFY `message_id` bigint(20) UNSIGNED NOT NULL AUTO_INCREMENT, AUTO_INCREMENT=370;

--
-- AUTO_INCREMENT pour la table `migrations`
--
ALTER TABLE `migrations`
  MODIFY `id` int(10) UNSIGNED NOT NULL AUTO_INCREMENT, AUTO_INCREMENT=8;

--
-- AUTO_INCREMENT pour la table `personal_access_tokens`
--
ALTER TABLE `personal_access_tokens`
  MODIFY `id` bigint(20) UNSIGNED NOT NULL AUTO_INCREMENT, AUTO_INCREMENT=158;

--
-- AUTO_INCREMENT pour la table `users`
--
ALTER TABLE `users`
  MODIFY `id` bigint(20) UNSIGNED NOT NULL AUTO_INCREMENT, AUTO_INCREMENT=21;

--
-- Contraintes pour les tables déchargées
--

--
-- Contraintes pour la table `conversations`
--
ALTER TABLE `conversations`
  ADD CONSTRAINT `conversations_conversation_first_partner_foreign` FOREIGN KEY (`conversation_first_partner`) REFERENCES `users` (`id`),
  ADD CONSTRAINT `conversations_conversation_second_partner_foreign` FOREIGN KEY (`conversation_second_partner`) REFERENCES `users` (`id`);

--
-- Contraintes pour la table `messages`
--
ALTER TABLE `messages`
  ADD CONSTRAINT `messages_conversation_id_foreign` FOREIGN KEY (`conversation_id`) REFERENCES `conversations` (`conversation_id`),
  ADD CONSTRAINT `messages_ibfk_1` FOREIGN KEY (`message_receiver`) REFERENCES `users` (`id`),
  ADD CONSTRAINT `messages_message_sender_foreign` FOREIGN KEY (`message_sender`) REFERENCES `users` (`id`);
COMMIT;

/*!40101 SET CHARACTER_SET_CLIENT=@OLD_CHARACTER_SET_CLIENT */;
/*!40101 SET CHARACTER_SET_RESULTS=@OLD_CHARACTER_SET_RESULTS */;
/*!40101 SET COLLATION_CONNECTION=@OLD_COLLATION_CONNECTION */;
